{
    "AimKey": 2,
    "AimKey_Secondary": 0,
    "AirstuckKey": 0,
    "AutoLootKey": 84,
    "BattleKey": 88,
    "BunnyKey": 17,
    "ForceHeadTargetKey": 0,
    "MaxDistanceEsp": 0,
    "MenuKey": 45,
    "QuickWeapon": 0,
    "SilentAimKey": 0,
    "SpeedHackKey": 16,
    "ToggleAmmoESP": 103,
    "ToggleAttachmentESP": 105,
    "ToggleWeaponESP": 104,
    "TriggerKey": 5,
    "VisibleEspOnlyKey": 0,
    "b_AR": false,
    "b_AimAtDowned": true,
    "b_Airstuck": false,
    "b_Ammo": true,
    "b_ArcSilent": false,
    "b_Armor": true,
    "b_Attachments": true,
    "b_AutoLoot": true,
    "b_AutoPistol": false,
    "b_Backtrack": true,
    "b_BigMapRadar": true,
    "b_BoundingBox": false,
    "b_BunnyHop": true,
    "b_BypassRankRestriction": false,
    "b_DeathBox": true,
    "b_DrawFov": false,
    "b_DropTargetOutOfFOV": false,
    "b_EnemyOnly": true,
    "b_FastReload": false,
    "b_GrenadeAimbot": true,
    "b_Healing": true,
    "b_Healthbar": false,
    "b_HeirloomFinder": true,
    "b_HideEspInFov": true,
    "b_HideName": false,
    "b_Highlight": true,
    "b_InfiniteCrafting": true,
    "b_InstantHit": false,
    "b_ItemESP": true,
    "b_ItemGlow": false,
    "b_ItemIcon": false,
    "b_KillCount": true,
    "b_LMG": false,
    "b_LegendIcon": true,
    "b_ListObservers": true,
    "b_LootAmmo": true,
    "b_LootAttachment": true,
    "b_LootBox": false,
    "b_LootEquipments": true,
    "b_LootGadget": false,
    "b_LootHealing": true,
    "b_LootOrdance": false,
    "b_LootWeapon": true,
    "b_Marksman": false,
    "b_MonsterEsp": true,
    "b_NoRecoil": true,
    "b_NoSpread": true,
    "b_NoSway": false,
    "b_Pistol": true,
    "b_PlayerDistance": false,
    "b_PlayerName": true,
    "b_PlayerWeapon": false,
    "b_Radar": true,
    "b_RadarRotation": false,
    "b_SMG": false,
    "b_SeerPassive": true,
    "b_Shieldbar": false,
    "b_Shotgun": true,
    "b_Skeleton": false,
    "b_SmartItems": true,
    "b_SmoothAim": true,
    "b_SmoothCompensation": true,
    "b_Sniper": true,
    "b_Special": true,
    "b_SpeedHack": false,
    "b_SwapTarget": false,
    "b_Thrown": false,
    "b_Traceline": false,
    "b_TriggerIgnoreDowned": true,
    "b_Vehicle": false,
    "b_ViewCheck": true,
    "b_WarningSystem": true,
    "b_Weapon": true,
    "b_bESP": true,
    "b_bPrediction": true,
    "b_blue": true,
    "b_gold": true,
    "b_gray": true,
    "b_lowPowerPC": false,
    "b_purple": true,
    "b_red": true,
    "b_yellow": true,
    "f_ADSFOV": 3.0999999046325684,
    "f_ArcFOV": 70.0,
    "f_BufferZone": 10.0,
    "f_LegitAimSmooth": 25.020000457763672,
    "f_LegitAimSmooth_Second": 6.5,
    "f_MaxAngle": 50.0,
    "f_MaxDeathboxDist": 50.0,
    "f_MaxDis": 250.0,
    "f_MaxFOV": 3.0999999046325684,
    "f_MaxItemDist": 80.0,
    "f_MaxLootboxDist": 50.0,
    "f_MaxPlayerDist": 270.0,
    "f_MaxSilentDist": 200.0,
    "f_MaxSpread": 15.0,
    "f_MaxVehicleDist": 100.0,
    "f_MaximumSmoothTime": 1002.0,
    "f_MaximumSmoothTime_Second": 850.0,
    "f_MinimumSmoothTime": 600.0,
    "f_MinimumSmoothTime_Second": 400.0,
    "f_RecoilReduction": 29.200000762939453,
    "f_SpectatorSmoothRatio": 3.0,
    "f_Zoom": 0.23000000417232513,
    "f_glowBehind_0": 0.0,
    "f_glowBehind_1": 0.06422019004821777,
    "f_glowBehind_2": 1.0,
    "f_glowInFront_0": 0.0,
    "f_glowInFront_1": 0.11926603317260742,
    "f_glowInFront_2": 1.0,
    "f_intensity": 110.0,
    "filterItem": true,
    "g_Triggerbot": true,
    "g_TriggerbotZoomOnly": true,
    "g_bAimbot": true,
    "g_bAutoshoot": false,
    "g_bLegitAim": true,
    "g_bSilentAim": false,
    "g_bSoftLock": true,
    "g_bTargetMonsters": true,
    "g_language": 0,
    "i_ArmorPriority": 1,
    "i_HeirloomIdx": 0,
    "i_RadarType": 4,
    "i_SkinId": -1,
    "i_TargetBone": 4
}
