{
    "AimKey": 2,
    "AimKey_Secondary": 0,
    "AirstuckKey": 0,
    "AutoLootKey": 0,
    "BattleKey": 0,
    "BunnyKey": 18,
    "ForceHeadTargetKey": 0,
    "MaxDistanceEsp": 0,
    "MenuKey": 45,
    "QuickWeapon": 0,
    "SilentAimKey": 0,
    "SpeedHackKey": 16,
    "ToggleAmmoESP": 103,
    "ToggleAttachmentESP": 105,
    "ToggleWeaponESP": 104,
    "TriggerKey": 5,
    "VisibleEspOnlyKey": 0,
    "b_AR": false,
    "b_AimAtDowned": false,
    "b_Airstuck": false,
    "b_Ammo": false,
    "b_ArcSilent": false,
    "b_Armor": false,
    "b_Attachments": false,
    "b_AutoLoot": false,
    "b_AutoPistol": false,
    "b_BigMapRadar": true,
    "b_BoundingBox": true,
    "b_BunnyHop": false,
    "b_BypassRankRestriction": false,
    "b_DeathBox": false,
    "b_DrawFov": true,
    "b_DropTargetOutOfFOV": false,
    "b_EnemyOnly": true,
    "b_FastReload": false,
    "b_Healing": false,
    "b_Healthbar": true,
    "b_HeirloomFinder": false,
    "b_HideEspInFov": false,
    "b_Highlight": false,
    "b_InfiniteCrafting": true,
    "b_ItemESP": false,
    "b_ItemGlow": false,
    "b_ItemIcon": false,
    "b_KillCount": false,
    "b_LMG": false,
    "b_LegendIcon": false,
    "b_ListObservers": true,
    "b_LootAmmo": true,
    "b_LootAttachment": true,
    "b_LootBox": false,
    "b_LootEquipments": true,
    "b_LootGadget": false,
    "b_LootHealing": true,
    "b_LootOrdance": false,
    "b_LootWeapon": true,
    "b_Marksman": false,
    "b_MonsterEsp": false,
    "b_NoRecoil": true,
    "b_NoSpread": false,
    "b_NoSway": false,
    "b_Pistol": false,
    "b_PlayerDistance": false,
    "b_PlayerName": false,
    "b_PlayerWeapon": false,
    "b_Radar": true,
    "b_RadarRotation": false,
    "b_SMG": false,
    "b_Shieldbar": true,
    "b_Shotgun": false,
    "b_Skeleton": true,
    "b_SmartItems": false,
    "b_SmoothAim": true,
    "b_SmoothCompensation": true,
    "b_Sniper": false,
    "b_Special": false,
    "b_SpeedHack": false,
    "b_SwapTarget": true,
    "b_Thrown": false,
    "b_Traceline": false,
    "b_TriggerIgnoreDowned": false,
    "b_Vehicle": false,
    "b_ViewCheck": true,
    "b_WarningSystem": false,
    "b_Weapon": false,
    "b_bESP": true,
    "b_bPrediction": true,
    "b_blue": false,
    "b_gold": false,
    "b_gray": false,
    "b_lowPowerPC": false,
    "b_purple": false,
    "b_red": false,
    "b_yellow": false,
    "f_ADSFOV": 5.5,
    "f_ArcFOV": 70.0,
    "f_BufferZone": 10.0,
    "f_LegitAimSmooth": 1.0,
    "f_LegitAimSmooth_Second": 6.5,
    "f_MaxAngle": 50.0,
    "f_MaxDeathboxDist": 50.0,
    "f_MaxDis": 250.0,
    "f_MaxFOV": 6.699999809265137,
    "f_MaxItemDist": 80.0,
    "f_MaxLootboxDist": 50.0,
    "f_MaxPlayerDist": 100.0,
    "f_MaxSilentDist": 200.0,
    "f_MaxSpread": 15.0,
    "f_MaxVehicleDist": 100.0,
    "f_MaximumSmoothTime": 1.0,
    "f_MaximumSmoothTime_Second": 850.0,
    "f_MinimumSmoothTime": 1.0,
    "f_MinimumSmoothTime_Second": 400.0,
    "f_RecoilReduction": 79.0999984741211,
    "f_SpectatorSmoothRatio": 1.0,
    "f_Zoom": 0.23000000417232513,
    "f_glowBehind_0": 1.0,
    "f_glowBehind_1": 1.0,
    "f_glowBehind_2": 1.0,
    "f_glowInFront_0": 1.0,
    "f_glowInFront_1": 0.0,
    "f_glowInFront_2": 0.0,
    "f_intensity": 110.0,
    "filterItem": true,
    "g_Triggerbot": false,
    "g_TriggerbotZoomOnly": true,
    "g_bAimbot": true,
    "g_bAutoshoot": false,
    "g_bLegitAim": false,
    "g_bSilentAim": true,
    "g_bSoftLock": false,
    "g_bTargetMonsters": false,
    "g_language": 0,
    "i_ArmorPriority": 1,
    "i_RadarType": 4,
    "i_SkinId": 6,
    "i_TargetBone": 1
}
