{
    "AimKey": 1,
    "AimKey_Secondary": 0,
    "AirstuckKey": 0,
    "AutoLootKey": 0,
    "BattleKey": 88,
    "BunnyKey": 18,
    "ForceHeadTargetKey": 0,
    "MaxDistanceEsp": 0,
    "MenuKey": 45,
    "QuickWeapon": 0,
    "SilentAimKey": 0,
    "SpeedHackKey": 16,
    "ToggleAmmoESP": 103,
    "ToggleAttachmentESP": 105,
    "ToggleWeaponESP": 104,
    "TriggerKey": 2,
    "VisibleEspOnlyKey": 0,
    "b_AR": true,
    "b_AimAtDowned": true,
    "b_Airstuck": false,
    "b_Ammo": true,
    "b_ArcSilent": true,
    "b_Armor": true,
    "b_Attachments": true,
    "b_AutoLoot": false,
    "b_AutoPistol": false,
    "b_Backtrack": false,
    "b_BigMapRadar": true,
    "b_BoundingBox": false,
    "b_BunnyHop": false,
    "b_BypassRankRestriction": false,
    "b_DeathBox": false,
    "b_DrawFov": false,
    "b_DropTargetOutOfFOV": false,
    "b_EnemyOnly": true,
    "b_FastReload": false,
    "b_GrenadeAimbot": false,
    "b_Healing": true,
    "b_Healthbar": true,
    "b_HeirloomFinder": true,
    "b_HideEspInFov": false,
    "b_Highlight": true,
    "b_InfiniteCrafting": false,
    "b_InstantHit": false,
    "b_ItemESP": false,
    "b_ItemGlow": false,
    "b_ItemIcon": false,
    "b_KillCount": false,
    "b_LMG": true,
    "b_LegendIcon": false,
    "b_ListObservers": true,
    "b_LootAmmo": true,
    "b_LootAttachment": true,
    "b_LootBox": false,
    "b_LootEquipments": true,
    "b_LootGadget": false,
    "b_LootHealing": true,
    "b_LootOrdance": false,
    "b_LootWeapon": true,
    "b_Marksman": true,
    "b_MonsterEsp": false,
    "b_NoRecoil": true,
    "b_NoSpread": false,
    "b_NoSway": false,
    "b_Pistol": false,
    "b_PlayerDistance": true,
    "b_PlayerName": false,
    "b_PlayerWeapon": false,
    "b_Radar": true,
    "b_RadarRotation": false,
    "b_SMG": true,
    "b_Shieldbar": true,
    "b_Shotgun": false,
    "b_Skeleton": false,
    "b_SmartItems": true,
    "b_SmoothAim": true,
    "b_SmoothCompensation": true,
    "b_Sniper": true,
    "b_Special": true,
    "b_SpeedHack": false,
    "b_SwapTarget": true,
    "b_Thrown": false,
    "b_Traceline": false,
    "b_TriggerIgnoreDowned": true,
    "b_Vehicle": false,
    "b_ViewCheck": true,
    "b_WarningSystem": false,
    "b_Weapon": true,
    "b_bESP": true,
    "b_bPrediction": true,
    "b_blue": true,
    "b_gold": true,
    "b_gray": true,
    "b_lowPowerPC": false,
    "b_purple": true,
    "b_red": true,
    "b_yellow": true,
    "f_ADSFOV": 1.399999976158142,
    "f_ArcFOV": 15.5,
    "f_BufferZone": 10.0,
    "f_LegitAimSmooth": 32.04999923706055,
    "f_LegitAimSmooth_Second": 69.9000015258789,
    "f_MaxAngle": 50.0,
    "f_MaxDeathboxDist": 50.0,
    "f_MaxDis": 500.0,
    "f_MaxFOV": 2.0,
    "f_MaxItemDist": 30.0,
    "f_MaxLootboxDist": 50.0,
    "f_MaxPlayerDist": 214.0,
    "f_MaxSilentDist": 150.0,
    "f_MaxSpread": 10.0,
    "f_MaxVehicleDist": 100.0,
    "f_MaximumSmoothTime": 1149.0,
    "f_MaximumSmoothTime_Second": 850.0,
    "f_MinimumSmoothTime": 700.0,
    "f_MinimumSmoothTime_Second": 400.0,
    "f_RecoilReduction": 30.0,
    "f_SpectatorSmoothRatio": 1.2599999904632568,
    "f_Zoom": 0.23000000417232513,
    "f_glowBehind_0": 0.9908257126808167,
    "f_glowBehind_1": 0.9908158183097839,
    "f_glowBehind_2": 0.9908158183097839,
    "f_glowInFront_0": 0.5688073635101318,
    "f_glowInFront_1": 0.00521840201690793,
    "f_glowInFront_2": 0.00521840201690793,
    "f_intensity": 110.0,
    "filterItem": true,
    "g_Triggerbot": false,
    "g_TriggerbotZoomOnly": true,
    "g_bAimbot": true,
    "g_bAutoshoot": false,
    "g_bLegitAim": true,
    "g_bSilentAim": false,
    "g_bSoftLock": false,
    "g_bTargetMonsters": false,
    "g_language": 0,
    "i_ArmorPriority": 1,
    "i_RadarType": 4,
    "i_SkinId": -1,
    "i_TargetBone": 1
}
