{
    "AimKey": 1,
    "AimKey_Secondary": 0,
    "AirstuckKey": 0,
    "AutoLootKey": 16,
    "BattleKey": 88,
    "BunnyKey": 18,
    "ForceHeadTargetKey": 0,
    "MaxDistanceEsp": 0,
    "MenuKey": 78,
    "QuickWeapon": 46,
    "SilentAimKey": 71,
    "SpeedHackKey": 16,
    "ToggleAmmoESP": 103,
    "ToggleAttachmentESP": 105,
    "ToggleWeaponESP": 104,
    "TriggerKey": 5,
    "VisibleEspOnlyKey": 0,
    "b_AR": true,
    "b_AimAtDowned": true,
    "b_Airstuck": false,
    "b_Ammo": true,
    "b_ArcSilent": true,
    "b_Armor": true,
    "b_Attachments": true,
    "b_AutoLoot": true,
    "b_AutoPistol": false,
    "b_Backtrack": true,
    "b_BigMapRadar": true,
    "b_BoundingBox": false,
    "b_BunnyHop": false,
    "b_BypassRankRestriction": false,
    "b_DeathBox": false,
    "b_DrawFov": true,
    "b_DropTargetOutOfFOV": true,
    "b_EnemyOnly": true,
    "b_FastReload": false,
    "b_GrenadeAimbot": false,
    "b_Healing": true,
    "b_Healthbar": true,
    "b_HeirloomFinder": false,
    "b_HideEspInFov": false,
    "b_HideName": false,
    "b_Highlight": true,
    "b_InfiniteCrafting": true,
    "b_InstantHit": false,
    "b_ItemESP": true,
    "b_ItemGlow": false,
    "b_ItemIcon": false,
    "b_KillCount": true,
    "b_LMG": false,
    "b_LegendIcon": false,
    "b_ListObservers": true,
    "b_LootAmmo": true,
    "b_LootAttachment": true,
    "b_LootBox": false,
    "b_LootEquipments": true,
    "b_LootGadget": false,
    "b_LootHealing": true,
    "b_LootOrdance": false,
    "b_LootWeapon": true,
    "b_Marksman": true,
    "b_MonsterEsp": false,
    "b_NoRecoil": true,
    "b_NoSpread": false,
    "b_NoSway": false,
    "b_Pistol": false,
    "b_PlayerDistance": true,
    "b_PlayerName": false,
    "b_PlayerWeapon": false,
    "b_Radar": true,
    "b_RadarRotation": false,
    "b_SMG": true,
    "b_SeerPassive": false,
    "b_Shieldbar": true,
    "b_Shotgun": false,
    "b_Skeleton": false,
    "b_SmartItems": true,
    "b_SmoothAim": true,
    "b_SmoothCompensation": true,
    "b_Sniper": true,
    "b_Special": true,
    "b_SpeedHack": false,
    "b_SwapTarget": false,
    "b_Thrown": false,
    "b_Traceline": false,
    "b_TriggerIgnoreDowned": true,
    "b_Vehicle": false,
    "b_ViewCheck": true,
    "b_WarningSystem": false,
    "b_Weapon": true,
    "b_bESP": true,
    "b_bPrediction": true,
    "b_blue": true,
    "b_gold": true,
    "b_gray": true,
    "b_lowPowerPC": false,
    "b_purple": true,
    "b_red": true,
    "b_yellow": true,
    "f_ADSFOV": 2.0,
    "f_ArcFOV": 5.5,
    "f_BufferZone": 10.0,
    "f_LegitAimSmooth": 130.0,
    "f_LegitAimSmooth_Second": 6.5,
    "f_MaxAngle": 50.0,
    "f_MaxDeathboxDist": 50.0,
    "f_MaxDis": 250.0,
    "f_MaxFOV": 3.200000047683716,
    "f_MaxItemDist": 100.0,
    "f_MaxLootboxDist": 50.0,
    "f_MaxPlayerDist": 250.0,
    "f_MaxSilentDist": 102.0,
    "f_MaxSpread": 17.0,
    "f_MaxVehicleDist": 100.0,
    "f_MaximumSmoothTime": 1203.0,
    "f_MaximumSmoothTime_Second": 850.0,
    "f_MinimumSmoothTime": 729.0,
    "f_MinimumSmoothTime_Second": 400.0,
    "f_RecoilReduction": 16.100000381469727,
    "f_SpectatorSmoothRatio": 1.0,
    "f_Zoom": 0.23000000417232513,
    "f_glowBehind_0": 1.0,
    "f_glowBehind_1": 0.9999899864196777,
    "f_glowBehind_2": 0.9999899864196777,
    "f_glowInFront_0": 1.0,
    "f_glowInFront_1": 0.0,
    "f_glowInFront_2": 0.0,
    "f_intensity": 30.0,
    "filterItem": true,
    "g_Triggerbot": false,
    "g_TriggerbotZoomOnly": true,
    "g_bAimbot": true,
    "g_bAutoshoot": false,
    "g_bLegitAim": true,
    "g_bSilentAim": true,
    "g_bSoftLock": false,
    "g_bTargetMonsters": true,
    "g_language": 0,
    "i_ArmorPriority": 0,
    "i_HeirloomIdx": 0,
    "i_RadarType": 4,
    "i_SkinId": -1,
    "i_TargetBone": 4
}
