{
    "AimKey": 1,
    "AimKey_Secondary": 0,
    "AirstuckKey": 0,
    "AutoLootKey": 0,
    "BattleKey": 88,
    "BunnyKey": 32,
    "ForceHeadTargetKey": 0,
    "MaxDistanceEsp": 0,
    "MenuKey": 45,
    "QuickWeapon": 123,
    "SilentAimKey": 46,
    "SpeedHackKey": 0,
    "ToggleAmmoESP": 103,
    "ToggleAttachmentESP": 105,
    "ToggleWeaponESP": 104,
    "TriggerKey": 17,
    "VisibleEspOnlyKey": 0,
    "b_AR": true,
    "b_AimAtDowned": true,
    "b_Airstuck": false,
    "b_Ammo": true,
    "b_ArcSilent": true,
    "b_Armor": true,
    "b_Attachments": true,
    "b_AutoLoot": false,
    "b_AutoPistol": true,
    "b_Backtrack": false,
    "b_BigMapRadar": true,
    "b_BoundingBox": false,
    "b_BunnyHop": true,
    "b_BypassRankRestriction": false,
    "b_DeathBox": true,
    "b_DrawFov": true,
    "b_DropTargetOutOfFOV": true,
    "b_EnemyOnly": true,
    "b_FastReload": true,
    "b_GrenadeAimbot": true,
    "b_Healing": false,
    "b_Healthbar": true,
    "b_HeirloomFinder": false,
    "b_HideEspInFov": true,
    "b_HideName": false,
    "b_Highlight": true,
    "b_InfiniteCrafting": false,
    "b_InstantHit": true,
    "b_ItemESP": true,
    "b_ItemGlow": false,
    "b_ItemIcon": false,
    "b_KillCount": true,
    "b_LMG": true,
    "b_LegendIcon": true,
    "b_ListObservers": true,
    "b_LootAmmo": false,
    "b_LootAttachment": false,
    "b_LootBox": false,
    "b_LootEquipments": false,
    "b_LootGadget": false,
    "b_LootHealing": false,
    "b_LootOrdance": false,
    "b_LootWeapon": false,
    "b_Marksman": true,
    "b_MonsterEsp": true,
    "b_NoRecoil": true,
    "b_NoSpread": false,
    "b_NoSway": false,
    "b_Pistol": true,
    "b_PlayerDistance": false,
    "b_PlayerName": true,
    "b_PlayerWeapon": false,
    "b_Radar": true,
    "b_RadarRotation": false,
    "b_SMG": true,
    "b_SeerPassive": false,
    "b_Shieldbar": true,
    "b_Shotgun": true,
    "b_Skeleton": false,
    "b_SmartItems": true,
    "b_SmoothAim": true,
    "b_SmoothCompensation": true,
    "b_Sniper": true,
    "b_Special": true,
    "b_SpeedHack": false,
    "b_SwapTarget": false,
    "b_Thrown": false,
    "b_Traceline": false,
    "b_TriggerIgnoreDowned": true,
    "b_Vehicle": true,
    "b_ViewCheck": false,
    "b_WarningSystem": true,
    "b_Weapon": true,
    "b_bESP": true,
    "b_bPrediction": true,
    "b_blue": true,
    "b_gold": true,
    "b_gray": true,
    "b_lowPowerPC": false,
    "b_purple": true,
    "b_red": true,
    "b_yellow": true,
    "f_ADSFOV": 0.30000001192092896,
    "f_ArcFOV": 70.0,
    "f_BufferZone": 10.0,
    "f_LegitAimSmooth": 25.309999465942383,
    "f_LegitAimSmooth_Second": 6.5,
    "f_MaxAngle": 50.0,
    "f_MaxDeathboxDist": 51.0,
    "f_MaxDis": 200.0,
    "f_MaxFOV": 2.0,
    "f_MaxItemDist": 250.0,
    "f_MaxLootboxDist": 50.0,
    "f_MaxPlayerDist": 300.0,
    "f_MaxSilentDist": 92.0,
    "f_MaxSpread": 0.0,
    "f_MaxVehicleDist": 100.0,
    "f_MaximumSmoothTime": 1121.0,
    "f_MaximumSmoothTime_Second": 850.0,
    "f_MinimumSmoothTime": 709.0,
    "f_MinimumSmoothTime_Second": 400.0,
    "f_RecoilReduction": 70.0,
    "f_SpectatorSmoothRatio": 1.2100000381469727,
    "f_Zoom": 0.23000000417232513,
    "f_glowBehind_0": 0.06367309391498566,
    "f_glowBehind_1": 0.4082568883895874,
    "f_glowBehind_2": 0.0,
    "f_glowInFront_0": 1.0,
    "f_glowInFront_1": 0.0,
    "f_glowInFront_2": 0.0,
    "f_intensity": 80.0,
    "filterItem": true,
    "g_Triggerbot": true,
    "g_TriggerbotZoomOnly": true,
    "g_bAimbot": true,
    "g_bAutoshoot": false,
    "g_bLegitAim": true,
    "g_bSilentAim": true,
    "g_bSoftLock": false,
    "g_bTargetMonsters": false,
    "g_language": 0,
    "i_ArmorPriority": 1,
    "i_HeirloomIdx": 1,
    "i_RadarType": 3,
    "i_SkinId": -1,
    "i_TargetBone": 1
}
