{
    "AimKey": 6,
    "AimKey_Secondary": 0,
    "AirstuckKey": 18,
    "AutoLootKey": 5,
    "BattleKey": 88,
    "BunnyKey": 32,
    "ForceHeadTargetKey": 0,
    "MaxDistanceEsp": 0,
    "MenuKey": 45,
    "QuickWeapon": 0,
    "SilentAimKey": 0,
    "SpeedHackKey": 16,
    "ToggleAmmoESP": 103,
    "ToggleAttachmentESP": 105,
    "ToggleWeaponESP": 104,
    "TriggerKey": 5,
    "VisibleEspOnlyKey": 0,
    "b_AR": true,
    "b_AimAtDowned": true,
    "b_Airstuck": false,
    "b_Ammo": true,
    "b_ArcSilent": true,
    "b_Armor": true,
    "b_Attachments": true,
    "b_AutoLoot": true,
    "b_AutoPistol": true,
    "b_BigMapRadar": true,
    "b_BoundingBox": false,
    "b_BunnyHop": true,
    "b_BypassRankRestriction": false,
    "b_DeathBox": true,
    "b_DrawFov": false,
    "b_DropTargetOutOfFOV": true,
    "b_EnemyOnly": true,
    "b_FastReload": true,
    "b_Healing": true,
    "b_Healthbar": true,
    "b_HeirloomFinder": false,
    "b_HideEspInFov": false,
    "b_Highlight": true,
    "b_ItemESP": true,
    "b_ItemGlow": false,
    "b_ItemIcon": false,
    "b_KillCount": true,
    "b_LMG": true,
    "b_LegendIcon": false,
    "b_ListObservers": true,
    "b_LootAmmo": true,
    "b_LootAttachment": true,
    "b_LootBox": true,
    "b_LootEquipments": true,
    "b_LootGadget": false,
    "b_LootHealing": true,
    "b_LootOrdance": false,
    "b_LootWeapon": true,
    "b_Marksman": true,
    "b_MonsterEsp": false,
    "b_NoRecoil": true,
    "b_NoSpread": true,
    "b_NoSway": true,
    "b_Pistol": false,
    "b_PlayerDistance": false,
    "b_PlayerName": false,
    "b_PlayerWeapon": false,
    "b_Radar": true,
    "b_RadarRotation": true,
    "b_SMG": true,
    "b_Shieldbar": true,
    "b_Shotgun": false,
    "b_Skeleton": false,
    "b_SmartItems": true,
    "b_SmoothAim": true,
    "b_SmoothCompensation": true,
    "b_Sniper": true,
    "b_Special": true,
    "b_SpeedHack": false,
    "b_SwapTarget": true,
    "b_Thrown": false,
    "b_Traceline": false,
    "b_TriggerIgnoreDowned": false,
    "b_Vehicle": true,
    "b_ViewCheck": true,
    "b_WarningSystem": true,
    "b_Weapon": true,
    "b_bESP": true,
    "b_bPrediction": true,
    "b_blue": true,
    "b_gold": true,
    "b_gray": true,
    "b_lowPowerPC": false,
    "b_purple": true,
    "b_red": true,
    "b_yellow": true,
    "f_ADSFOV": 130.0,
    "f_ArcFOV": 130.0,
    "f_BufferZone": 10.0,
    "f_LegitAimSmooth": 6.5,
    "f_LegitAimSmooth_Second": 6.5,
    "f_MaxAngle": 50.0,
    "f_MaxDeathboxDist": 50.0,
    "f_MaxDis": 500.0,
    "f_MaxFOV": 130.0,
    "f_MaxItemDist": 80.0,
    "f_MaxLootboxDist": 50.0,
    "f_MaxPlayerDist": 500.0,
    "f_MaxSilentDist": 400.0,
    "f_MaxSpread": 0.0,
    "f_MaxVehicleDist": 100.0,
    "f_MaximumSmoothTime": 850.0,
    "f_MaximumSmoothTime_Second": 850.0,
    "f_MinimumSmoothTime": 400.0,
    "f_MinimumSmoothTime_Second": 400.0,
    "f_RecoilReduction": 100.0,
    "f_SpectatorSmoothRatio": 1.0,
    "f_Zoom": 0.23000000417232513,
    "f_glowBehind_0": 1.0,
    "f_glowBehind_1": 1.0,
    "f_glowBehind_2": 1.0,
    "f_glowInFront_0": 0.8440256118774414,
    "f_glowInFront_1": 0.0,
    "f_glowInFront_2": 1.0,
    "f_intensity": 110.0,
    "filterItem": true,
    "g_Triggerbot": true,
    "g_TriggerbotZoomOnly": true,
    "g_bAimbot": true,
    "g_bAutoshoot": false,
    "g_bLegitAim": true,
    "g_bSilentAim": true,
    "g_bSoftLock": false,
    "g_bTargetMonsters": true,
    "g_language": 0,
    "i_ArmorPriority": 1,
    "i_RadarType": 4,
    "i_SkinId": -1,
    "i_TargetBone": 2
}
