{
    "AimKey": 1,
    "AimKey_Secondary": 0,
    "AirstuckKey": 0,
    "AutoLootKey": 88,
    "BattleKey": 88,
    "BunnyKey": 18,
    "ForceHeadTargetKey": 0,
    "MaxDistanceEsp": 0,
    "MenuKey": 45,
    "QuickWeapon": 0,
    "SilentAimKey": 0,
    "SpeedHackKey": 16,
    "ToggleAmmoESP": 103,
    "ToggleAttachmentESP": 105,
    "ToggleWeaponESP": 104,
    "TriggerKey": 5,
    "VisibleEspOnlyKey": 0,
    "b_AR": true,
    "b_AimAtDowned": true,
    "b_Airstuck": false,
    "b_Ammo": true,
    "b_ArcSilent": false,
    "b_Armor": true,
    "b_Attachments": true,
    "b_AutoLoot": false,
    "b_AutoPistol": false,
    "b_BigMapRadar": false,
    "b_BoundingBox": true,
    "b_BunnyHop": false,
    "b_BypassRankRestriction": false,
    "b_DeathBox": true,
    "b_DrawFov": false,
    "b_DropTargetOutOfFOV": false,
    "b_EnemyOnly": false,
    "b_FastReload": false,
    "b_Healing": true,
    "b_Healthbar": true,
    "b_HeirloomFinder": false,
    "b_HideEspInFov": false,
    "b_Highlight": false,
    "b_InfiniteCrafting": true,
    "b_ItemESP": true,
    "b_ItemGlow": false,
    "b_ItemIcon": false,
    "b_KillCount": true,
    "b_LMG": true,
    "b_LegendIcon": false,
    "b_ListObservers": true,
    "b_LootAmmo": true,
    "b_LootAttachment": true,
    "b_LootBox": true,
    "b_LootEquipments": true,
    "b_LootGadget": false,
    "b_LootHealing": true,
    "b_LootOrdance": false,
    "b_LootWeapon": true,
    "b_Marksman": true,
    "b_MonsterEsp": false,
    "b_NoRecoil": true,
    "b_NoSpread": false,
    "b_NoSway": false,
    "b_Pistol": true,
    "b_PlayerDistance": true,
    "b_PlayerName": false,
    "b_PlayerWeapon": false,
    "b_Radar": false,
    "b_RadarRotation": false,
    "b_SMG": true,
    "b_Shieldbar": true,
    "b_Shotgun": true,
    "b_Skeleton": true,
    "b_SmartItems": true,
    "b_SmoothAim": true,
    "b_SmoothCompensation": true,
    "b_Sniper": true,
    "b_Special": true,
    "b_SpeedHack": false,
    "b_SwapTarget": false,
    "b_Thrown": false,
    "b_Traceline": false,
    "b_TriggerIgnoreDowned": true,
    "b_Vehicle": true,
    "b_ViewCheck": false,
    "b_WarningSystem": false,
    "b_Weapon": true,
    "b_bESP": true,
    "b_bPrediction": true,
    "b_blue": true,
    "b_gold": true,
    "b_gray": true,
    "b_lowPowerPC": false,
    "b_purple": true,
    "b_red": true,
    "b_yellow": true,
    "f_ADSFOV": 0.6000000238418579,
    "f_ArcFOV": 0.0,
    "f_BufferZone": 10.0,
    "f_LegitAimSmooth": 90.0,
    "f_LegitAimSmooth_Second": 6.5,
    "f_MaxAngle": 50.0,
    "f_MaxDeathboxDist": 50.0,
    "f_MaxDis": 250.0,
    "f_MaxFOV": 3.0999999046325684,
    "f_MaxItemDist": 82.0,
    "f_MaxLootboxDist": 50.0,
    "f_MaxPlayerDist": 214.0,
    "f_MaxSilentDist": 200.0,
    "f_MaxSpread": 8.0,
    "f_MaxVehicleDist": 100.0,
    "f_MaximumSmoothTime": 1204.0,
    "f_MaximumSmoothTime_Second": 850.0,
    "f_MinimumSmoothTime": 759.0,
    "f_MinimumSmoothTime_Second": 400.0,
    "f_RecoilReduction": 6.300000190734863,
    "f_SpectatorSmoothRatio": 1.3600000143051147,
    "f_Zoom": 0.23000000417232513,
    "f_glowBehind_0": 0.9908257126808167,
    "f_glowBehind_1": 0.9908158183097839,
    "f_glowBehind_2": 0.9908158183097839,
    "f_glowInFront_0": 0.5688073635101318,
    "f_glowInFront_1": 0.00521840201690793,
    "f_glowInFront_2": 0.00521840201690793,
    "f_intensity": 110.0,
    "filterItem": true,
    "g_Triggerbot": true,
    "g_TriggerbotZoomOnly": true,
    "g_bAimbot": true,
    "g_bAutoshoot": false,
    "g_bLegitAim": true,
    "g_bSilentAim": false,
    "g_bSoftLock": false,
    "g_bTargetMonsters": false,
    "g_language": 0,
    "i_ArmorPriority": 1,
    "i_RadarType": 4,
    "i_SkinId": -1,
    "i_TargetBone": 1
}
