{
    "AimKey": 6,
    "AimKey_Secondary": 0,
    "AirstuckKey": 0,
    "AutoLootKey": 0,
    "BattleKey": 124,
    "BunnyKey": 18,
    "ForceHeadTargetKey": 0,
    "MaxDistanceEsp": 0,
    "MenuKey": 45,
    "QuickWeapon": 0,
    "SilentAimKey": 0,
    "SpeedHackKey": 0,
    "ToggleAmmoESP": 103,
    "ToggleAttachmentESP": 105,
    "ToggleWeaponESP": 104,
    "TriggerKey": 5,
    "VisibleEspOnlyKey": 0,
    "b_AR": true,
    "b_AimAtDowned": true,
    "b_Airstuck": false,
    "b_Ammo": true,
    "b_ArcSilent": false,
    "b_Armor": false,
    "b_Attachments": false,
    "b_AutoLoot": false,
    "b_AutoPistol": true,
    "b_BigMapRadar": false,
    "b_BoundingBox": true,
    "b_BunnyHop": false,
    "b_BypassRankRestriction": false,
    "b_DeathBox": true,
    "b_DrawFov": true,
    "b_DropTargetOutOfFOV": true,
    "b_EnemyOnly": true,
    "b_FastReload": false,
    "b_Healing": true,
    "b_Healthbar": true,
    "b_HeirloomFinder": true,
    "b_HideEspInFov": false,
    "b_Highlight": true,
    "b_InfiniteCrafting": false,
    "b_ItemESP": true,
    "b_ItemGlow": false,
    "b_ItemIcon": true,
    "b_KillCount": true,
    "b_LMG": true,
    "b_LegendIcon": false,
    "b_ListObservers": true,
    "b_LootAmmo": true,
    "b_LootAttachment": true,
    "b_LootBox": true,
    "b_LootEquipments": true,
    "b_LootGadget": false,
    "b_LootHealing": true,
    "b_LootOrdance": false,
    "b_LootWeapon": true,
    "b_Marksman": true,
    "b_MonsterEsp": true,
    "b_NoRecoil": true,
    "b_NoSpread": false,
    "b_NoSway": false,
    "b_Pistol": true,
    "b_PlayerDistance": false,
    "b_PlayerName": false,
    "b_PlayerWeapon": true,
    "b_Radar": true,
    "b_RadarRotation": false,
    "b_SMG": true,
    "b_Shieldbar": true,
    "b_Shotgun": true,
    "b_Skeleton": true,
    "b_SmartItems": true,
    "b_SmoothAim": true,
    "b_SmoothCompensation": true,
    "b_Sniper": true,
    "b_Special": true,
    "b_SpeedHack": false,
    "b_SwapTarget": false,
    "b_Thrown": true,
    "b_Traceline": false,
    "b_TriggerIgnoreDowned": true,
    "b_Vehicle": true,
    "b_ViewCheck": false,
    "b_WarningSystem": true,
    "b_Weapon": false,
    "b_bESP": true,
    "b_bPrediction": true,
    "b_blue": true,
    "b_gold": true,
    "b_gray": true,
    "b_lowPowerPC": false,
    "b_purple": true,
    "b_red": true,
    "b_yellow": true,
    "f_ADSFOV": 2.5999999046325684,
    "f_ArcFOV": 70.0,
    "f_BufferZone": 10.0,
    "f_LegitAimSmooth": 6.5,
    "f_LegitAimSmooth_Second": 6.5,
    "f_MaxAngle": 50.0,
    "f_MaxDeathboxDist": 31.0,
    "f_MaxDis": 500.0,
    "f_MaxFOV": 9.0,
    "f_MaxItemDist": 80.0,
    "f_MaxLootboxDist": 50.0,
    "f_MaxPlayerDist": 500.0,
    "f_MaxSilentDist": 121.0,
    "f_MaxSpread": 25.0,
    "f_MaxVehicleDist": 100.0,
    "f_MaximumSmoothTime": 850.0,
    "f_MaximumSmoothTime_Second": 850.0,
    "f_MinimumSmoothTime": 400.0,
    "f_MinimumSmoothTime_Second": 400.0,
    "f_RecoilReduction": 25.100000381469727,
    "f_SpectatorSmoothRatio": 1.0,
    "f_Zoom": 0.23000000417232513,
    "f_glowBehind_0": 0.8690118789672852,
    "f_glowBehind_1": 0.0,
    "f_glowBehind_2": 1.0,
    "f_glowInFront_0": 0.0,
    "f_glowInFront_1": 0.11929488182067871,
    "f_glowInFront_2": 1.0,
    "f_intensity": 255.0,
    "filterItem": true,
    "g_Triggerbot": true,
    "g_TriggerbotZoomOnly": true,
    "g_bAimbot": true,
    "g_bAutoshoot": false,
    "g_bLegitAim": true,
    "g_bSilentAim": true,
    "g_bSoftLock": false,
    "g_bTargetMonsters": true,
    "g_language": 0,
    "i_ArmorPriority": 1,
    "i_RadarType": 4,
    "i_SkinId": -1,
    "i_TargetBone": 1
}
