{
    "AimKey": 121,
    "AimKey_Secondary": 0,
    "AirstuckKey": 0,
    "AutoLootKey": 0,
    "BattleKey": 88,
    "BunnyKey": 18,
    "ForceHeadTargetKey": 0,
    "MaxDistanceEsp": 0,
    "MenuKey": 45,
    "QuickWeapon": 0,
    "SilentAimKey": 57,
    "SpeedHackKey": 16,
    "ToggleAmmoESP": 103,
    "ToggleAttachmentESP": 105,
    "ToggleWeaponESP": 104,
    "TriggerKey": 2,
    "VisibleEspOnlyKey": 0,
    "b_AR": true,
    "b_AimAtDowned": false,
    "b_Airstuck": false,
    "b_Ammo": false,
    "b_ArcSilent": false,
    "b_Armor": true,
    "b_Attachments": true,
    "b_AutoLoot": false,
    "b_AutoPistol": true,
    "b_BigMapRadar": false,
    "b_BoundingBox": false,
    "b_BunnyHop": false,
    "b_BypassRankRestriction": false,
    "b_DeathBox": false,
    "b_DrawFov": true,
    "b_DropTargetOutOfFOV": true,
    "b_EnemyOnly": false,
    "b_FastReload": false,
    "b_Healing": true,
    "b_Healthbar": true,
    "b_HeirloomFinder": false,
    "b_HideEspInFov": false,
    "b_Highlight": true,
    "b_ItemESP": false,
    "b_ItemGlow": false,
    "b_ItemIcon": false,
    "b_KillCount": false,
    "b_LMG": true,
    "b_LegendIcon": false,
    "b_ListObservers": true,
    "b_LootAmmo": false,
    "b_LootAttachment": false,
    "b_LootBox": false,
    "b_LootEquipments": false,
    "b_LootGadget": false,
    "b_LootHealing": false,
    "b_LootOrdance": false,
    "b_LootWeapon": false,
    "b_Marksman": true,
    "b_MonsterEsp": false,
    "b_NoRecoil": true,
    "b_NoSpread": false,
    "b_NoSway": false,
    "b_Pistol": false,
    "b_PlayerDistance": false,
    "b_PlayerName": false,
    "b_PlayerWeapon": false,
    "b_Radar": true,
    "b_RadarRotation": false,
    "b_SMG": true,
    "b_Shieldbar": true,
    "b_Shotgun": false,
    "b_Skeleton": true,
    "b_SmartItems": true,
    "b_SmoothAim": true,
    "b_SmoothCompensation": true,
    "b_Sniper": true,
    "b_Special": true,
    "b_SpeedHack": false,
    "b_SwapTarget": false,
    "b_Thrown": false,
    "b_Traceline": false,
    "b_TriggerIgnoreDowned": false,
    "b_Vehicle": false,
    "b_ViewCheck": false,
    "b_WarningSystem": false,
    "b_Weapon": false,
    "b_bESP": true,
    "b_bPrediction": true,
    "b_blue": true,
    "b_gold": true,
    "b_gray": true,
    "b_lowPowerPC": false,
    "b_purple": true,
    "b_red": true,
    "b_yellow": true,
    "f_ADSFOV": 1.0,
    "f_BufferZone": 10.0,
    "f_LegitAimSmooth": 20.809999465942383,
    "f_LegitAimSmooth_Second": 6.5,
    "f_MaxAngle": 50.0,
    "f_MaxDeathboxDist": 50.0,
    "f_MaxDis": 250.0,
    "f_MaxFOV": 1.0,
    "f_MaxItemDist": 30.0,
    "f_MaxLootboxDist": 50.0,
    "f_MaxPlayerDist": 85.0,
    "f_MaxSilentDist": 99.0,
    "f_MaxSpread": 7.0,
    "f_MaxVehicleDist": 100.0,
    "f_MaximumSmoothTime": 915.0,
    "f_MaximumSmoothTime_Second": 850.0,
    "f_MinimumSmoothTime": 600.0,
    "f_MinimumSmoothTime_Second": 400.0,
    "f_RecoilReduction": 20.200000762939453,
    "f_SpectatorSmoothRatio": 1.2100000381469727,
    "f_Zoom": 0.23000000417232513,
    "f_glowBehind_0": 1.0,
    "f_glowBehind_1": 0.0,
    "f_glowBehind_2": 0.0,
    "f_glowInFront_0": 0.02760712057352066,
    "f_glowInFront_1": 0.3761467933654785,
    "f_glowInFront_2": 0.0,
    "f_intensity": 110.0,
    "filterItem": true,
    "g_Triggerbot": false,
    "g_TriggerbotZoomOnly": true,
    "g_bAimbot": true,
    "g_bLegitAim": true,
    "g_bSilentAim": false,
    "g_bSoftLock": false,
    "g_bTargetMonsters": true,
    "g_language": 0,
    "i_ArmorPriority": 1,
    "i_RadarType": 4,
    "i_SkinId": -1,
    "i_TargetBone": 1
}
