{
    "AimKey": 1,
    "AimKey_Secondary": 0,
    "AirstuckKey": 0,
    "AutoLootKey": 69,
    "BattleKey": 88,
    "BunnyKey": 18,
    "ForceHeadTargetKey": 0,
    "MaxDistanceEsp": 0,
    "MenuKey": 45,
    "QuickWeapon": 120,
    "SilentAimKey": 0,
    "SpeedHackKey": 16,
    "ToggleAmmoESP": 103,
    "ToggleAttachmentESP": 105,
    "ToggleWeaponESP": 104,
    "TriggerKey": 4,
    "VisibleEspOnlyKey": 0,
    "b_AR": true,
    "b_AimAtDowned": true,
    "b_Airstuck": false,
    "b_Ammo": true,
    "b_ArcSilent": true,
    "b_Armor": false,
    "b_Attachments": false,
    "b_AutoLoot": true,
    "b_AutoPistol": false,
    "b_Backtrack": true,
    "b_BigMapRadar": true,
    "b_BoundingBox": false,
    "b_BunnyHop": false,
    "b_BypassRankRestriction": false,
    "b_DeathBox": true,
    "b_DrawFov": true,
    "b_DropTargetOutOfFOV": false,
    "b_EnemyOnly": true,
    "b_FastReload": false,
    "b_GrenadeAimbot": false,
    "b_Healing": false,
    "b_Healthbar": true,
    "b_HeirloomFinder": false,
    "b_HideEspInFov": false,
    "b_HideName": false,
    "b_Highlight": true,
    "b_InfiniteCrafting": true,
    "b_InstantHit": true,
    "b_ItemESP": true,
    "b_ItemGlow": false,
    "b_ItemIcon": true,
    "b_KillCount": false,
    "b_LMG": true,
    "b_LegendIcon": false,
    "b_ListObservers": true,
    "b_LootAmmo": true,
    "b_LootAttachment": true,
    "b_LootBox": false,
    "b_LootEquipments": false,
    "b_LootGadget": false,
    "b_LootHealing": false,
    "b_LootOrdance": false,
    "b_LootWeapon": true,
    "b_Marksman": true,
    "b_MonsterEsp": false,
    "b_NoRecoil": true,
    "b_NoSpread": false,
    "b_NoSway": false,
    "b_Pistol": true,
    "b_PlayerDistance": false,
    "b_PlayerName": true,
    "b_PlayerWeapon": false,
    "b_Radar": true,
    "b_RadarRotation": true,
    "b_SMG": true,
    "b_SeerPassive": false,
    "b_Shieldbar": true,
    "b_Shotgun": true,
    "b_Skeleton": false,
    "b_SmartItems": true,
    "b_SmoothAim": true,
    "b_SmoothCompensation": true,
    "b_Sniper": true,
    "b_Special": false,
    "b_SpeedHack": false,
    "b_SwapTarget": false,
    "b_Thrown": false,
    "b_Traceline": false,
    "b_TriggerIgnoreDowned": true,
    "b_Vehicle": false,
    "b_ViewCheck": true,
    "b_WarningSystem": false,
    "b_Weapon": false,
    "b_bESP": true,
    "b_bPrediction": false,
    "b_blue": true,
    "b_gold": true,
    "b_gray": true,
    "b_lowPowerPC": false,
    "b_purple": true,
    "b_red": true,
    "b_yellow": true,
    "f_ADSFOV": 0.8999999761581421,
    "f_ArcFOV": 70.0,
    "f_BufferZone": 10.0,
    "f_LegitAimSmooth": 20.25,
    "f_LegitAimSmooth_Second": 6.5,
    "f_MaxAngle": 50.0,
    "f_MaxDeathboxDist": 150.0,
    "f_MaxDis": 500.0,
    "f_MaxFOV": 1.899999976158142,
    "f_MaxItemDist": 30.0,
    "f_MaxLootboxDist": 50.0,
    "f_MaxPlayerDist": 150.0,
    "f_MaxSilentDist": 92.0,
    "f_MaxSpread": 0.0,
    "f_MaxVehicleDist": 100.0,
    "f_MaximumSmoothTime": 1121.0,
    "f_MaximumSmoothTime_Second": 850.0,
    "f_MinimumSmoothTime": 709.0,
    "f_MinimumSmoothTime_Second": 400.0,
    "f_RecoilReduction": 35.0,
    "f_SpectatorSmoothRatio": 1.2100000381469727,
    "f_Zoom": 0.23000000417232513,
    "f_glowBehind_0": 0.0,
    "f_glowBehind_1": 0.059927649796009064,
    "f_glowBehind_2": 0.4082568883895874,
    "f_glowInFront_0": 1.0,
    "f_glowInFront_1": 0.0,
    "f_glowInFront_2": 0.0,
    "f_intensity": 80.0,
    "filterItem": true,
    "g_Triggerbot": true,
    "g_TriggerbotZoomOnly": true,
    "g_bAimbot": true,
    "g_bAutoshoot": false,
    "g_bLegitAim": true,
    "g_bSilentAim": false,
    "g_bSoftLock": false,
    "g_bTargetMonsters": false,
    "g_language": 0,
    "i_ArmorPriority": 1,
    "i_HeirloomIdx": 0,
    "i_RadarType": 4,
    "i_SkinId": 7,
    "i_TargetBone": 1
}
