{
    "AimKey": 1,
    "AimKey_Secondary": 0,
    "AirstuckKey": 66,
    "AutoLootKey": 70,
    "BattleKey": 88,
    "BunnyKey": 18,
    "ForceHeadTargetKey": 0,
    "MaxDistanceEsp": 0,
    "MenuKey": 45,
    "QuickWeapon": 0,
    "SilentAimKey": 0,
    "SpeedHackKey": 16,
    "ToggleAmmoESP": 103,
    "ToggleAttachmentESP": 105,
    "ToggleWeaponESP": 104,
    "TriggerKey": 6,
    "VisibleEspOnlyKey": 0,
    "b_AR": true,
    "b_AimAtDowned": true,
    "b_Airstuck": false,
    "b_Ammo": true,
    "b_ArcSilent": true,
    "b_Armor": true,
    "b_Attachments": true,
    "b_AutoLoot": true,
    "b_AutoPistol": false,
    "b_BigMapRadar": true,
    "b_BoundingBox": false,
    "b_BunnyHop": true,
    "b_BypassRankRestriction": false,
    "b_DeathBox": false,
    "b_DrawFov": false,
    "b_DropTargetOutOfFOV": true,
    "b_EnemyOnly": true,
    "b_FastReload": true,
    "b_Healing": true,
    "b_Healthbar": false,
    "b_HeirloomFinder": false,
    "b_HideEspInFov": false,
    "b_Highlight": true,
    "b_InfiniteCrafting": true,
    "b_ItemESP": true,
    "b_ItemGlow": false,
    "b_ItemIcon": false,
    "b_KillCount": false,
    "b_LMG": true,
    "b_LegendIcon": false,
    "b_ListObservers": true,
    "b_LootAmmo": false,
    "b_LootAttachment": true,
    "b_LootBox": false,
    "b_LootEquipments": true,
    "b_LootGadget": false,
    "b_LootHealing": false,
    "b_LootOrdance": false,
    "b_LootWeapon": false,
    "b_Marksman": true,
    "b_MonsterEsp": false,
    "b_NoRecoil": true,
    "b_NoSpread": false,
    "b_NoSway": false,
    "b_Pistol": false,
    "b_PlayerDistance": false,
    "b_PlayerName": false,
    "b_PlayerWeapon": false,
    "b_Radar": true,
    "b_RadarRotation": false,
    "b_SMG": true,
    "b_Shieldbar": false,
    "b_Shotgun": false,
    "b_Skeleton": false,
    "b_SmartItems": true,
    "b_SmoothAim": true,
    "b_SmoothCompensation": true,
    "b_Sniper": true,
    "b_Special": true,
    "b_SpeedHack": false,
    "b_SwapTarget": false,
    "b_Thrown": false,
    "b_Traceline": false,
    "b_TriggerIgnoreDowned": false,
    "b_Vehicle": false,
    "b_ViewCheck": false,
    "b_WarningSystem": true,
    "b_Weapon": true,
    "b_bESP": true,
    "b_bPrediction": true,
    "b_blue": true,
    "b_gold": true,
    "b_gray": true,
    "b_lowPowerPC": false,
    "b_purple": true,
    "b_red": true,
    "b_yellow": true,
    "f_ADSFOV": 4.300000190734863,
    "f_ArcFOV": 25.0,
    "f_BufferZone": 10.0,
    "f_LegitAimSmooth": 24.739999771118164,
    "f_LegitAimSmooth_Second": 6.5,
    "f_MaxAngle": 50.0,
    "f_MaxDeathboxDist": 50.0,
    "f_MaxDis": 250.0,
    "f_MaxFOV": 4.300000190734863,
    "f_MaxItemDist": 80.0,
    "f_MaxLootboxDist": 50.0,
    "f_MaxPlayerDist": 191.0,
    "f_MaxSilentDist": 200.0,
    "f_MaxSpread": 8.0,
    "f_MaxVehicleDist": 100.0,
    "f_MaximumSmoothTime": 967.0,
    "f_MaximumSmoothTime_Second": 850.0,
    "f_MinimumSmoothTime": 600.0,
    "f_MinimumSmoothTime_Second": 400.0,
    "f_RecoilReduction": 31.700000762939453,
    "f_SpectatorSmoothRatio": 1.409999966621399,
    "f_Zoom": 0.23000000417232513,
    "f_glowBehind_0": 0.4013124704360962,
    "f_glowBehind_1": 0.0,
    "f_glowBehind_2": 0.642201840877533,
    "f_glowInFront_0": 1.0,
    "f_glowInFront_1": 0.0,
    "f_glowInFront_2": 0.0,
    "f_intensity": 44.0,
    "filterItem": true,
    "g_Triggerbot": true,
    "g_TriggerbotZoomOnly": true,
    "g_bAimbot": true,
    "g_bAutoshoot": false,
    "g_bLegitAim": true,
    "g_bSilentAim": false,
    "g_bSoftLock": false,
    "g_bTargetMonsters": false,
    "g_language": 0,
    "i_ArmorPriority": 0,
    "i_RadarType": 4,
    "i_SkinId": 10,
    "i_TargetBone": 1
}
